 E_0, err, acc_rate
   0.55236,   0.00300,   0.75589
   0.69936,   0.00300,   0.75209
   0.74375,   0.00300,   0.74414
   0.77060,   0.00300,   0.74257
   0.77796,   0.00300,   0.74786
   0.79427,   0.00300,   0.74340
   0.79583,   0.00300,   0.73974
   0.79907,   0.00300,   0.73601
   0.80927,   0.00300,   0.75520
