 E_0, err, acc_rate
   0.52075,   0.00135,   0.75208
   0.63419,   0.00178,   0.75981
   0.66061,   0.00189,   0.74893
   0.67566,   0.00198,   0.74568
   0.68791,   0.00204,   0.75005
   0.69483,   0.00207,   0.74458
   0.68303,   0.00205,   0.74040
   0.69649,   0.00212,   0.73632
   0.69923,   0.00208,   0.75540