 E_0, err, acc_rate
    0.43979,   0.00392,   0.74965
   0.48380,   0.00433,   0.73535
   0.49060,   0.00442,   0.75702
   0.49664,   0.00447,   0.75079
   0.50118,   0.00454,   0.75349
   0.49814,   0.00445,   0.74651
   0.49216,   0.00447,   0.74140
