 E_0, err, acc_rate
   0.44458,   0.00200,   0.77348
   0.48557,   0.00215,   0.76613
   0.49307,   0.00220,   0.74953
   0.49629,   0.00221,   0.74345
   0.48611,   0.00219,   0.74610
   0.50599,   0.00226,   0.73916
   0.49712,   0.00220,   0.73396
   0.51390,   0.00238,   0.72942
