 E_0, err, acc_rate
   0.55306,   0.00331,   0.74836
   0.70837,   0.00460,   0.74452
   0.74382,   0.00503,   0.73680
   0.76384,   0.00529,   0.73525
   0.77253,   0.00543,   0.74060
   0.78941,   0.00561,   0.73599
   0.79709,   0.00570,   0.73235
   0.78915,   0.00575,   0.72865
