 E_0, err, acc_rate
   0.52055,   0.00301,   0.74493
   0.62548,   0.00388,   0.75229
   0.67275,   0.00434,   0.74131
   0.66920,   0.00444,   0.73837
   0.68645,   0.00453,   0.74261
   0.70500,   0.00473,   0.73723
   0.70907,   0.00473,   0.73293
   0.66705,   0.00443,   0.72909
