n_max,caminantes,experimentos,prob,error
20,15,1000,0.526200,0.009710
40,15,1000,0.633000,0.009479
80,15,1000,0.706600,0.009424
160,15,1000,0.765733,0.009042
320,15,1000,0.830800,0.008037
640,15,1000,0.877200,0.007286
1280,15,1000,0.901867,0.006587
2560,15,1000,0.930400,0.005830
5120,15,1000,0.959800,0.004272
10240,15,1000,0.969067,0.003727
