n_max,caminantes,experimentos,prob,error
2,15,1000,0.186467,0.003147
4,15,1000,0.233400,0.003384
8,15,1000,0.263133,0.003609
16,15,1000,0.296267,0.003749
32,15,1000,0.309667,0.003707
64,15,1000,0.326733,0.003750
128,15,1000,0.346867,0.003878
256,15,1000,0.350667,0.004119
512,15,1000,0.355733,0.003909
1024,15,1000,0.352000,0.003922
