n_max,caminantes,experimentos,prob,error
2,15,1000,0.502467,0.003872
4,15,1000,0.621067,0.004057
8,15,1000,0.729733,0.003643
16,15,1000,0.805067,0.003238
32,15,1000,0.857333,0.002995
64,15,1000,0.902000,0.002408
128,15,1000,0.932200,0.002074
256,15,1000,0.949867,0.001808
512,15,1000,0.965533,0.001535
1024,15,1000,0.976600,0.001174
