n_max,caminantes,experimentos,prob,error
2,15,1000,0.495667,0.004207
4,15,1000,0.629000,0.003926
8,15,1000,0.733933,0.003574
16,15,1000,0.807533,0.003205
32,15,1000,0.856267,0.002788
64,15,1000,0.898733,0.002335
128,15,1000,0.929733,0.002072
256,15,1000,0.952133,0.001768
512,15,1000,0.965800,0.001515
1024,15,1000,0.976600,0.001219
