rep,prob
10,0.700000
100,0.900000
1000,0.296000
10000,0.095600
100000,0.031340
1000000,0.015654
