n_max,caminantes,experimentos,prob,error
2,15,1000,0.251200,0.003408
4,15,1000,0.327000,0.003856
8,15,1000,0.399067,0.003982
16,15,1000,0.463067,0.004058
32,15,1000,0.516000,0.004223
64,15,1000,0.554400,0.004015
128,15,1000,0.594933,0.003930
256,15,1000,0.623133,0.003986
512,15,1000,0.652933,0.003890
1024,15,1000,0.681400,0.003857
