n_max,caminantes,experimentos,prob,error
20,15,1000,0.530667,0.009078
40,15,1000,0.612933,0.009846
80,15,1000,0.705733,0.009426
160,15,1000,0.793067,0.008602
320,15,1000,0.842400,0.007906
640,15,1000,0.879533,0.007046
1280,15,1000,0.911733,0.006325
2560,15,1000,0.943467,0.005138
5120,15,1000,0.959267,0.004402
10240,15,1000,0.960600,0.004405
