n_max,caminantes,experimentos,prob,error
20,15,1000,0.538533,0.009529
40,15,1000,0.622667,0.009507
80,15,1000,0.712867,0.009205
160,15,1000,0.770600,0.008987
320,15,1000,0.827667,0.008159
640,15,1000,0.879733,0.007024
1280,15,1000,0.903533,0.006589
2560,15,1000,0.936533,0.005494
5120,15,1000,0.952133,0.004879
10240,15,1000,0.967400,0.004091
