n_max,caminantes,prob,error
10,1000,0.503800,0.009439
100,1000,0.778900,0.008784
1000,1000,0.925800,0.005851
10000,1000,0.978500,0.003171
100000,1000,0.991700,0.002065
