n_max,caminantes,experimentos,prob,error
2,15,1000,0.505467,0.004181
4,15,1000,0.622133,0.004075
8,15,1000,0.722067,0.003702
16,15,1000,0.806333,0.003310
32,15,1000,0.855800,0.002888
64,15,1000,0.898667,0.002495
128,15,1000,0.926200,0.002146
256,15,1000,0.950600,0.001757
512,15,1000,0.966133,0.001461
1024,15,1000,0.975800,0.001207
