n_max,caminantes,prob,error
10,100,0.482000,0.030331
100,100,0.794000,0.028703
1000,100,0.928000,0.018699
10000,100,0.969000,0.014613
100000,100,0.981000,0.010702
