rep,prob
10,1.000000
100,0.420000
1000,0.033000
10000,0.048100
100000,0.012090
1000000,0.001745
