n_max,caminantes,experimentos,prob,error
2,15,1000,0.256400,0.003537
4,15,1000,0.322533,0.003852
8,15,1000,0.394933,0.004161
16,15,1000,0.457400,0.004135
32,15,1000,0.515267,0.004176
64,15,1000,0.556533,0.004114
128,15,1000,0.597533,0.003883
256,15,1000,0.634133,0.004048
512,15,1000,0.656867,0.003899
1024,15,1000,0.674200,0.003874
