n,rep,pi,error
10,1000,3.158399999999984,0.016794984713049
100,1000,3.147639999999995,0.005230161085949
1000,1000,3.143035999999997,0.001720753234980
10000,1000,3.141673600000002,0.000524291545455
100000,1000,3.141599000000000,0.000161608374339
1000000,1000,3.141568515999996,0.000050747496119
