n,rep,pi,error
10,1000,3.163199999999999,0.029396426822148
100,1000,3.132659999999997,0.009170748444214
1000,1000,3.143387999999995,0.002903688837481
10000,1000,3.142275599999997,0.000964391256267
100000,1000,3.141432839999998,0.000294175042638
1000000,1000,3.141756474000003,0.000094524477083
